[{"id":"ae14e5e1.431da8","type":"ui_template","z":"2a1d8f6d.db96f","group":"f8f43c83.5bccc","name":"","order":0,"width":"4","height":"4","format":"<div>\n     So we have successfully obtained the prediction of the number of orders according to the user input.\n    This prediction can help in maintaining the Supply Chain during the time of crisis as well.\n    For Graphical Visualisation, visit the dashboard.\n</div>\n<div>\n    <a href=\"https://eu-gb.dataplatform.cloud.ibm.com/dashboards/fe67cf1e-e754-4826-84ed-2a13f7415ff0/view/4765e40710b375d075eac0e407cc79067e3e7109b1bbd20b84857b490f657197f3604598c87d4d5fdf160531f4ba165bc0\" style=\"color: yellow;font-style: italic\"><span>Click here to view the Dashboard </span> </a>\n    </div>","storeOutMessages":true,"fwdInMessages":true,"resendOnRefresh":false,"templateScope":"local","x":380,"y":520,"wires":[[]],"info":"# "},{"id":"f8f43c83.5bccc","type":"ui_group","z":"","name":"Visualisation ","tab":"89ed04a7.6507a8","order":1,"disp":true,"width":"6","collapse":false},{"id":"89ed04a7.6507a8","type":"ui_tab","z":"","name":"Summary","icon":"dashboard","order":8,"disabled":false,"hidden":false}]